tags,news,hyperlink
Latest,Rondina powers Flying Titans’ fightback against High Speed Hitters,/2025/1/23/rondina-powers-flying-titans-fightback
Latest,‘Emilia Pérez’ leads Oscar nominations with 13,/2025/1/23/emilia-perez-leads-oscar-nominations-with-13
Latest,Ajinomoto PH celebrates first year of SariCycle with ‘From One To Malawakan’,/2025/1/23/ajinomoto-philippines-celebrates-first-year-of-sari-cycle-from-one-to-malawakan
Latest,A look at world's largest electricity producers and how much is from renewables,/2025/1/23/look-world-largest-electricity-producers-how-much-renewables
Latest,"Solon says he knows purpose of Digong's 'blank budget' tirade, and it involves VP Sara",/2025/1/23/solon-says-he-knows-endgame-of-digong-s-blank-budget-tirade
Latest,Kollab strengthens AI presence in the Philippines with Senti AI acquisition,/2025/1/23/kollab-strengthens-ai-presence-in-the-philippines-with-senti-ai-acquisition
Latest,Marc Nelson breaks silence over involvement in Maggie Wilson-Victor Consunji issue,/2025/1/23/marc-nelson-breaks-silence-over-involvement-in-maggie-wilson-victor-consunji-issue
Latest,House leader calls rumored government takeover of NGCP a 'good investment opportunity',/2025/1/23/house-leader-calls-rumored-government-takeover-of-ngcp-a-good-investment-opportunity
Latest,Bersamin hails media’s role in nation-building,/2025/1/23/bersamin-hails-media-nation-building
Provincial,Police deny abduction of woman in Bacolod,/2025/1/23/police-deny-abduction-of-woman-in-bacolod
Provincial,Town appeals for transportation for Kanlaon evacuees,/2025/1/23/town-appeals-for-transportation-for-kanlaon-evacuees
Provincial,"Murder charges filed vs former magistrate, 5 others",/2025/1/23/murder-charges-filed-vs-former-magistrate-5-others
Provincial,"Mother, son arrested for transporting P170-M shabu in Cebu City",/2025/1/23/mother-son-arrested-for-transporting-p170-m-shabu-in-cebu-city
Provincial,"Bizman, wife shot dead in front of young daughter",/2025/1/23/bizman-wife-shot-dead-in-front-of-young-daughter
Provincial,"UNDP condemns ambush, remains steadfast in Philippines duty",/2025/1/23/undp-condemns-ambush-remains-steadfast-in-philippines-duty
Provincial,Ex-soldier fatally shot in Bacolod,/2025/1/23/ex-soldier-shot-dead-in-bacolod
Provincial,Duterte supporters laud solon’s decision to step down from plum post,/2025/1/23/duterte-supporters-laud-solon-s-decision-to-step-down-from-plum-post
Provincial,PRO-3 nabs 343 drug pushers in 11 days,/2025/1/23/pro-3-nabs-343-drug-pushers-in-11-days
World,A look at world's largest electricity producers and how much is from renewables,/2025/1/23/look-world-largest-electricity-producers-how-much-renewables
World,NATO chief says Russian victory over Ukraine would have a costly impact on alliance's credibility,/2025/1/23/nato-chief-says-russian-victory-over-ukraine-would-have-a-costly-impact-on-alliance-s-credibility
World,South Korean investigators call for indictment of detained President Yoon,/2025/1/23/south-korean-investigators-call-for-indictment-of-detained-president-yoon
World,Firefighters battle to maintain the upper hand on a huge fire north of Los Angeles,/2025/1/23/firefighters-battle-to-maintain-the-upper-hand-on-a-huge-fire-north-of-los-angeles
World,Love is a many-gendered thing: Thai LGBTQ+ couples register marriages as law gives them equal status,/2025/1/23/love-is-a-many-gendered-thing-thai-lgbtq-couples-register-marriages-as-law-gives-them-equal-status
World,Immigrant detention beds may be maxed out as Trump moves to deport 'millions and millions',/2025/1/23/immigrant-detention-beds-may-be-maxed-out-as-trump-moves-to-deport-millions-and-millions
World,UN chief: World’s thirst for fossil fuels a ‘Frankenstein monster’ that spares no one,/2025/1/23/un-chief-world-s-thirst-for-fossil-fuels-a-frankenstein-monster-that-spares-no-one
World,"Pentagon sending 1,500 active duty troops to help secure US-Mexico border",/2025/1/23/pentagon-sending-1-500-active-duty-troops-to-help-secure-us-mexico-border
World,"Teen fatally shoots a female student and himself at Antioch High School in Nashville, police say",/2025/1/23/teen-fatally-shoots-a-female-student-and-himself-at-antioch-high-school-in-nashville-police-say
